"","uID","variable","factor",".id","source","rise1.3","rise2.3","sex","Source.Global","Source.Primary","Source.Secondary","Country","Location","Language","Weird","Execution","SubjectPool","Setting","Tablet","Pencil","StudyOrderN","IDiffOrderN","study.order","analysis.type","subset","case.include"
"1578",5831,4,"Unprepared","ML2_Slate2_USEng_Inlab_DEPLOY_r.csv","vcu",4,NA,2,"vcu","vcu","vcu","USA","Department of Psychology, Virginia Commonwealth University, Richmond, VA 23284","English",1,NA,"Yes","In a lab","Computers","No, the whole study was on the computer (except maybe consent/debriefing)","Zhong|Knobe|Geissner|Ross.Slate2|Risen|Hsee|Hauser|Zaval|Gray|Tversky|Tversky.Gati|Savani|Schwarz|Shafir|Norenzayan","ID: Global self-esteem SISE|ID: Mood|ID: TIPI for Big-Five|ID: Subjective wellbeing|ID: Cognitive reflection",5,"Global","all",TRUE
"1594",5851,2,"Unprepared","ML2_Slate2_USEng_Inlab_DEPLOY_r.csv","vcu",2,NA,2,"vcu","vcu","vcu","USA","Department of Psychology, Virginia Commonwealth University, Richmond, VA 23284","English",1,NA,"Yes","In a lab","Computers","No, the whole study was on the computer (except maybe consent/debriefing)","Schwarz|Ross.Slate2|Gray|Zhong|Zaval|Shafir|Knobe|Tversky|Tversky.Gati|Hsee|Hauser|Norenzayan|Risen|Savani|Geissner","ID: TIPI for Big-Five|ID: Global self-esteem SISE|ID: Mood|ID: Cognitive reflection|ID: Subjective wellbeing",13,"Global","all",TRUE
"1650",6013,6,"Unprepared","ML2_Slate2_USEng_Inlab_DEPLOY_r.csv","vcu",6,NA,1,"vcu","vcu","vcu","USA","Department of Psychology, Virginia Commonwealth University, Richmond, VA 23284","English",1,NA,"Yes","In a lab","Computers","No, the whole study was on the computer (except maybe consent/debriefing)","Tversky|Risen|Tversky.Gati|Knobe|Geissner|Gray|Schwarz|Hauser|Hsee|Ross.Slate2|Norenzayan|Savani|Shafir|Zaval|Zhong","ID: Mood|ID: TIPI for Big-Five|ID: Cognitive reflection|ID: Subjective wellbeing|ID: Global self-esteem SISE",2,"Global","all",TRUE
"1651",6014,2,"Unprepared","ML2_Slate2_USEng_Inlab_DEPLOY_r.csv","vcu",2,NA,1,"vcu","vcu","vcu","USA","Department of Psychology, Virginia Commonwealth University, Richmond, VA 23284","English",1,NA,"Yes","In a lab","Computers","No, the whole study was on the computer (except maybe consent/debriefing)","Risen|Gray|Geissner|Zaval|Tversky.Gati|Knobe|Hsee|Tversky|Zhong|Schwarz|Ross.Slate2|Norenzayan|Savani|Shafir|Hauser","ID: Global self-esteem SISE|ID: Subjective wellbeing|ID: Cognitive reflection|ID: Mood|ID: TIPI for Big-Five",1,"Global","all",TRUE
"1652",6015,1,"Unprepared","ML2_Slate2_USEng_Inlab_DEPLOY_r.csv","vcu",1,NA,2,"vcu","vcu","vcu","USA","Department of Psychology, Virginia Commonwealth University, Richmond, VA 23284","English",1,NA,"Yes","In a lab","Computers","No, the whole study was on the computer (except maybe consent/debriefing)","Hsee|Geissner|Tversky.Gati|Ross.Slate2|Zaval|Knobe|Shafir|Savani|Norenzayan|Tversky|Hauser|Risen|Gray|Schwarz|Zhong","ID: Mood|ID: Subjective wellbeing|ID: TIPI for Big-Five|ID: Cognitive reflection|ID: Global self-esteem SISE",12,"Global","all",TRUE
"1662",6034,4,"Unprepared","ML2_Slate2_USEng_Inlab_DEPLOY_r.csv","vcu",4,NA,1,"vcu","vcu","vcu","USA","Department of Psychology, Virginia Commonwealth University, Richmond, VA 23284","English",1,NA,"Yes","In a lab","Computers","No, the whole study was on the computer (except maybe consent/debriefing)","Knobe|Norenzayan|Shafir|Hsee|Hauser|Zhong|Savani|Tversky.Gati|Gray|Zaval|Geissner|Schwarz|Tversky|Ross.Slate2|Risen","ID: Subjective wellbeing|ID: Global self-esteem SISE|ID: Cognitive reflection|ID: Mood|ID: TIPI for Big-Five",15,"Global","all",TRUE
"1663",6036,10,"Unprepared","ML2_Slate2_USEng_Inlab_DEPLOY_r.csv","vcu",10,NA,2,"vcu","vcu","vcu","USA","Department of Psychology, Virginia Commonwealth University, Richmond, VA 23284","English",1,NA,"Yes","In a lab","Computers","No, the whole study was on the computer (except maybe consent/debriefing)","Hsee|Knobe|Geissner|Gray|Zhong|Risen|Shafir|Zaval|Norenzayan|Schwarz|Tversky.Gati|Savani|Tversky|Hauser|Ross.Slate2","ID: Subjective wellbeing|ID: Cognitive reflection|ID: Global self-esteem SISE|ID: Mood|ID: TIPI for Big-Five",6,"Global","all",TRUE
"1664",6039,5,"Unprepared","ML2_Slate2_USEng_Inlab_DEPLOY_r.csv","vcu",5,NA,2,"vcu","vcu","vcu","USA","Department of Psychology, Virginia Commonwealth University, Richmond, VA 23284","English",1,NA,"Yes","In a lab","Computers","No, the whole study was on the computer (except maybe consent/debriefing)","Hauser|Ross.Slate2|Geissner|Savani|Zaval|Risen|Norenzayan|Tversky|Zhong|Tversky.Gati|Shafir|Gray|Knobe|Hsee|Schwarz","ID: Subjective wellbeing|ID: Global self-esteem SISE|ID: Mood|ID: TIPI for Big-Five|ID: Cognitive reflection",6,"Global","all",TRUE
"1684",6078,9,"Unprepared","ML2_Slate2_USEng_Inlab_DEPLOY_r.csv","vcu",9,NA,1,"vcu","vcu","vcu","USA","Department of Psychology, Virginia Commonwealth University, Richmond, VA 23284","English",1,NA,"Yes","In a lab","Computers","No, the whole study was on the computer (except maybe consent/debriefing)","Zaval|Tversky.Gati|Geissner|Schwarz|Tversky|Hauser|Norenzayan|Hsee|Risen|Zhong|Gray|Ross.Slate2|Savani|Shafir|Knobe","ID: Cognitive reflection|ID: Subjective wellbeing|ID: Global self-esteem SISE|ID: Mood|ID: TIPI for Big-Five",9,"Global","all",TRUE
"1696",6099,4,"Unprepared","ML2_Slate2_USEng_Inlab_DEPLOY_r.csv","vcu",4,NA,2,"vcu","vcu","vcu","USA","Department of Psychology, Virginia Commonwealth University, Richmond, VA 23284","English",1,NA,"Yes","In a lab","Computers","No, the whole study was on the computer (except maybe consent/debriefing)","Zaval|Tversky.Gati|Geissner|Schwarz|Zhong|Ross.Slate2|Knobe|Norenzayan|Hsee|Risen|Gray|Tversky|Hauser|Shafir|Savani","ID: Global self-esteem SISE|ID: Cognitive reflection|ID: TIPI for Big-Five|ID: Subjective wellbeing|ID: Mood",10,"Global","all",TRUE
"1718",6153,2,"Unprepared","ML2_Slate2_USEng_Inlab_DEPLOY_r.csv","vcu",2,NA,2,"vcu","vcu","vcu","USA","Department of Psychology, Virginia Commonwealth University, Richmond, VA 23284","English",1,NA,"Yes","In a lab","Computers","No, the whole study was on the computer (except maybe consent/debriefing)","Shafir|Knobe|Savani|Hauser|Hsee|Tversky.Gati|Risen|Geissner|Norenzayan|Zaval|Tversky|Ross.Slate2|Zhong|Gray|Schwarz","ID: Global self-esteem SISE|ID: TIPI for Big-Five|ID: Mood|ID: Cognitive reflection|ID: Subjective wellbeing",7,"Global","all",TRUE
"1719",6154,5,"Unprepared","ML2_Slate2_USEng_Inlab_DEPLOY_r.csv","vcu",5,NA,2,"vcu","vcu","vcu","USA","Department of Psychology, Virginia Commonwealth University, Richmond, VA 23284","English",1,NA,"Yes","In a lab","Computers","No, the whole study was on the computer (except maybe consent/debriefing)","Tversky|Zhong|Hsee|Ross.Slate2|Geissner|Risen|Gray|Tversky.Gati|Norenzayan|Hauser|Shafir|Schwarz|Savani|Knobe|Zaval","ID: Mood|ID: Cognitive reflection|ID: TIPI for Big-Five|ID: Subjective wellbeing|ID: Global self-esteem SISE",6,"Global","all",TRUE
"1720",6155,5,"Unprepared","ML2_Slate2_USEng_Inlab_DEPLOY_r.csv","vcu",5,NA,1,"vcu","vcu","vcu","USA","Department of Psychology, Virginia Commonwealth University, Richmond, VA 23284","English",1,NA,"Yes","In a lab","Computers","No, the whole study was on the computer (except maybe consent/debriefing)","Gray|Tversky.Gati|Risen|Schwarz|Zhong|Tversky|Savani|Geissner|Hauser|Knobe|Norenzayan|Ross.Slate2|Hsee|Shafir|Zaval","ID: Mood|ID: TIPI for Big-Five|ID: Subjective wellbeing|ID: Cognitive reflection|ID: Global self-esteem SISE",3,"Global","all",TRUE
"1764",6293,3,"Unprepared","ML2_Slate2_USEng_Inlab_DEPLOY_r.csv","vcu",3,NA,2,"vcu","vcu","vcu","USA","Department of Psychology, Virginia Commonwealth University, Richmond, VA 23284","English",1,NA,"Yes","In a lab","Computers","No, the whole study was on the computer (except maybe consent/debriefing)","Zaval|Zhong|Tversky|Hsee|Hauser|Geissner|Norenzayan|Knobe|Shafir|Schwarz|Risen|Savani|Tversky.Gati|Ross.Slate2|Gray","ID: TIPI for Big-Five|ID: Mood|ID: Global self-esteem SISE|ID: Subjective wellbeing|ID: Cognitive reflection",11,"Global","all",TRUE
"1807",6370,1,"Unprepared","ML2_Slate2_USEng_Inlab_DEPLOY_r.csv","vcu",1,NA,1,"vcu","vcu","vcu","USA","Department of Psychology, Virginia Commonwealth University, Richmond, VA 23284","English",1,NA,"Yes","In a lab","Computers","No, the whole study was on the computer (except maybe consent/debriefing)","Tversky.Gati|Geissner|Hauser|Norenzayan|Gray|Knobe|Tversky|Zaval|Shafir|Ross.Slate2|Risen|Schwarz|Zhong|Savani|Hsee","ID: Global self-esteem SISE|ID: TIPI for Big-Five|ID: Cognitive reflection|ID: Subjective wellbeing|ID: Mood",11,"Global","all",TRUE
"1809",6374,5,"Unprepared","ML2_Slate2_USEng_Inlab_DEPLOY_r.csv","vcu",5,NA,1,"vcu","vcu","vcu","USA","Department of Psychology, Virginia Commonwealth University, Richmond, VA 23284","English",1,NA,"Yes","In a lab","Computers","No, the whole study was on the computer (except maybe consent/debriefing)","Geissner|Hsee|Hauser|Ross.Slate2|Shafir|Tversky.Gati|Tversky|Gray|Risen|Zhong|Savani|Zaval|Schwarz|Norenzayan|Knobe","ID: Mood|ID: TIPI for Big-Five|ID: Subjective wellbeing|ID: Cognitive reflection|ID: Global self-esteem SISE",9,"Global","all",TRUE
"1831",6417,1,"Unprepared","ML2_Slate2_USEng_Inlab_DEPLOY_r.csv","vcu",1,NA,2,"vcu","vcu","vcu","USA","Department of Psychology, Virginia Commonwealth University, Richmond, VA 23284","English",1,NA,"Yes","In a lab","Computers","No, the whole study was on the computer (except maybe consent/debriefing)","Zaval|Norenzayan|Tversky.Gati|Geissner|Hauser|Gray|Ross.Slate2|Tversky|Risen|Hsee|Schwarz|Savani|Knobe|Zhong|Shafir","ID: TIPI for Big-Five|ID: Mood|ID: Cognitive reflection|ID: Subjective wellbeing|ID: Global self-esteem SISE",9,"Global","all",TRUE
"1832",6419,1,"Unprepared","ML2_Slate2_USEng_Inlab_DEPLOY_r.csv","vcu",1,NA,2,"vcu","vcu","vcu","USA","Department of Psychology, Virginia Commonwealth University, Richmond, VA 23284","English",1,NA,"Yes","In a lab","Computers","No, the whole study was on the computer (except maybe consent/debriefing)","Zaval|Knobe|Hauser|Schwarz|Tversky|Savani|Shafir|Risen|Geissner|Ross.Slate2|Norenzayan|Zhong|Tversky.Gati|Hsee|Gray","ID: Mood|ID: TIPI for Big-Five|ID: Cognitive reflection|ID: Subjective wellbeing|ID: Global self-esteem SISE",8,"Global","all",TRUE
"1875",6500,5,"Unprepared","ML2_Slate2_USEng_Inlab_DEPLOY_r.csv","vcu",5,NA,1,"vcu","vcu","vcu","USA","Department of Psychology, Virginia Commonwealth University, Richmond, VA 23284","English",1,NA,"Yes","In a lab","Computers","No, the whole study was on the computer (except maybe consent/debriefing)","Gray|Knobe|Savani|Zhong|Tversky|Geissner|Tversky.Gati|Ross.Slate2|Hauser|Norenzayan|Hsee|Risen|Schwarz|Zaval|Shafir","ID: TIPI for Big-Five|ID: Global self-esteem SISE|ID: Subjective wellbeing|ID: Cognitive reflection|ID: Mood",12,"Global","all",TRUE
"1946",6628,10,"Unprepared","ML2_Slate2_USEng_Inlab_DEPLOY_r.csv","vcu",10,NA,2,"vcu","vcu","vcu","USA","Department of Psychology, Virginia Commonwealth University, Richmond, VA 23284","English",1,NA,"Yes","In a lab","Computers","No, the whole study was on the computer (except maybe consent/debriefing)","Risen|Zaval|Zhong|Knobe|Tversky|Ross.Slate2|Geissner|Shafir|Gray|Schwarz|Hsee|Hauser|Tversky.Gati|Norenzayan|Savani","ID: Global self-esteem SISE|ID: Mood|ID: Cognitive reflection|ID: Subjective wellbeing|ID: TIPI for Big-Five",1,"Global","all",TRUE
"1947",6632,8,"Unprepared","ML2_Slate2_USEng_Inlab_DEPLOY_r.csv","vcu",8,NA,2,"vcu","vcu","vcu","USA","Department of Psychology, Virginia Commonwealth University, Richmond, VA 23284","English",1,NA,"Yes","In a lab","Computers","No, the whole study was on the computer (except maybe consent/debriefing)","Hauser|Zaval|Tversky|Knobe|Ross.Slate2|Zhong|Risen|Tversky.Gati|Geissner|Hsee|Schwarz|Savani|Norenzayan|Gray|Shafir","ID: Subjective wellbeing|ID: Cognitive reflection|ID: Mood|ID: TIPI for Big-Five|ID: Global self-esteem SISE",7,"Global","all",TRUE
"1994",6740,3,"Unprepared","ML2_Slate2_USEng_Inlab_DEPLOY_r.csv","vcu",3,NA,1,"vcu","vcu","vcu","USA","Department of Psychology, Virginia Commonwealth University, Richmond, VA 23284","English",1,NA,"Yes","In a lab","Computers","No, the whole study was on the computer (except maybe consent/debriefing)","Norenzayan|Savani|Hauser|Risen|Gray|Shafir|Zaval|Zhong|Schwarz|Tversky|Hsee|Tversky.Gati|Ross.Slate2|Knobe|Geissner","ID: Cognitive reflection|ID: Subjective wellbeing|ID: Mood|ID: Global self-esteem SISE|ID: TIPI for Big-Five",4,"Global","all",TRUE
"1995",6742,1,"Unprepared","ML2_Slate2_USEng_Inlab_DEPLOY_r.csv","vcu",1,NA,1,"vcu","vcu","vcu","USA","Department of Psychology, Virginia Commonwealth University, Richmond, VA 23284","English",1,NA,"Yes","In a lab","Computers","No, the whole study was on the computer (except maybe consent/debriefing)","Geissner|Schwarz|Savani|Gray|Zaval|Hauser|Norenzayan|Zhong|Knobe|Hsee|Shafir|Risen|Ross.Slate2|Tversky|Tversky.Gati","ID: Subjective wellbeing|ID: TIPI for Big-Five|ID: Cognitive reflection|ID: Mood|ID: Global self-esteem SISE",12,"Global","all",TRUE
"2026",6798,2,"Unprepared","ML2_Slate2_USEng_Inlab_DEPLOY_r.csv","vcu",2,NA,1,"vcu","vcu","vcu","USA","Department of Psychology, Virginia Commonwealth University, Richmond, VA 23284","English",1,NA,"Yes","In a lab","Computers","No, the whole study was on the computer (except maybe consent/debriefing)","Knobe|Ross.Slate2|Zhong|Geissner|Gray|Hauser|Shafir|Hsee|Schwarz|Risen|Savani|Norenzayan|Tversky.Gati|Tversky|Zaval","ID: Cognitive reflection|ID: TIPI for Big-Five|ID: Global self-esteem SISE|ID: Subjective wellbeing|ID: Mood",10,"Global","all",TRUE
"2027",6799,5,"Unprepared","ML2_Slate2_USEng_Inlab_DEPLOY_r.csv","vcu",5,NA,1,"vcu","vcu","vcu","USA","Department of Psychology, Virginia Commonwealth University, Richmond, VA 23284","English",1,NA,"Yes","In a lab","Computers","No, the whole study was on the computer (except maybe consent/debriefing)","Gray|Shafir|Knobe|Ross.Slate2|Risen|Zhong|Hauser|Tversky|Norenzayan|Savani|Schwarz|Hsee|Geissner|Zaval|Tversky.Gati","ID: Global self-esteem SISE|ID: Cognitive reflection|ID: Mood|ID: Subjective wellbeing|ID: TIPI for Big-Five",5,"Global","all",TRUE
"2028",6800,3,"Unprepared","ML2_Slate2_USEng_Inlab_DEPLOY_r.csv","vcu",3,NA,1,"vcu","vcu","vcu","USA","Department of Psychology, Virginia Commonwealth University, Richmond, VA 23284","English",1,NA,"Yes","In a lab","Computers","No, the whole study was on the computer (except maybe consent/debriefing)","Risen|Schwarz|Savani|Tversky|Zaval|Tversky.Gati|Geissner|Hauser|Shafir|Gray|Ross.Slate2|Norenzayan|Hsee|Knobe|Zhong","ID: TIPI for Big-Five|ID: Global self-esteem SISE|ID: Subjective wellbeing|ID: Mood|ID: Cognitive reflection",1,"Global","all",TRUE
"2034",6818,8,"Unprepared","ML2_Slate2_USEng_Inlab_DEPLOY_r.csv","vcu",8,NA,1,"vcu","vcu","vcu","USA","Department of Psychology, Virginia Commonwealth University, Richmond, VA 23284","English",1,NA,"Yes","In a lab","Computers","No, the whole study was on the computer (except maybe consent/debriefing)","Gray|Savani|Hsee|Shafir|Tversky.Gati|Hauser|Schwarz|Knobe|Geissner|Risen|Norenzayan|Tversky|Zaval|Ross.Slate2|Zhong","ID: Subjective wellbeing|ID: Mood|ID: Global self-esteem SISE|ID: TIPI for Big-Five|ID: Cognitive reflection",10,"Global","all",TRUE
"2035",6819,2,"Unprepared","ML2_Slate2_USEng_Inlab_DEPLOY_r.csv","vcu",2,NA,1,"vcu","vcu","vcu","USA","Department of Psychology, Virginia Commonwealth University, Richmond, VA 23284","English",1,NA,"Yes","In a lab","Computers","No, the whole study was on the computer (except maybe consent/debriefing)","Schwarz|Tversky|Zhong|Tversky.Gati|Zaval|Norenzayan|Shafir|Gray|Savani|Hauser|Knobe|Ross.Slate2|Hsee|Risen|Geissner","ID: Subjective wellbeing|ID: TIPI for Big-Five|ID: Mood|ID: Cognitive reflection|ID: Global self-esteem SISE",14,"Global","all",TRUE
"2039",6828,1,"Unprepared","ML2_Slate2_USEng_Inlab_DEPLOY_r.csv","vcu",1,NA,2,"vcu","vcu","vcu","USA","Department of Psychology, Virginia Commonwealth University, Richmond, VA 23284","English",1,NA,"Yes","In a lab","Computers","No, the whole study was on the computer (except maybe consent/debriefing)","Shafir|Gray|Knobe|Tversky.Gati|Risen|Tversky|Zhong|Ross.Slate2|Hauser|Geissner|Hsee|Norenzayan|Schwarz|Zaval|Savani","ID: Mood|ID: Subjective wellbeing|ID: Cognitive reflection|ID: TIPI for Big-Five|ID: Global self-esteem SISE",5,"Global","all",TRUE
"2044",6841,1,"Unprepared","ML2_Slate2_USEng_Inlab_DEPLOY_r.csv","vcu",1,NA,1,"vcu","vcu","vcu","USA","Department of Psychology, Virginia Commonwealth University, Richmond, VA 23284","English",1,NA,"Yes","In a lab","Computers","No, the whole study was on the computer (except maybe consent/debriefing)","Savani|Shafir|Norenzayan|Tversky|Ross.Slate2|Hauser|Zaval|Schwarz|Zhong|Geissner|Gray|Risen|Hsee|Knobe|Tversky.Gati","ID: Mood|ID: Subjective wellbeing|ID: TIPI for Big-Five|ID: Global self-esteem SISE|ID: Cognitive reflection",12,"Global","all",TRUE
"2045",6844,5,"Unprepared","ML2_Slate2_USEng_Inlab_DEPLOY_r.csv","vcu",5,NA,1,"vcu","vcu","vcu","USA","Department of Psychology, Virginia Commonwealth University, Richmond, VA 23284","English",1,NA,"Yes","In a lab","Computers","No, the whole study was on the computer (except maybe consent/debriefing)","Norenzayan|Gray|Geissner|Schwarz|Tversky.Gati|Risen|Savani|Zaval|Tversky|Shafir|Hauser|Ross.Slate2|Hsee|Zhong|Knobe","ID: Global self-esteem SISE|ID: Subjective wellbeing|ID: Cognitive reflection|ID: TIPI for Big-Five|ID: Mood",6,"Global","all",TRUE
"2065",6893,7,"Unprepared","ML2_Slate2_USEng_Inlab_DEPLOY_r.csv","vcu",7,NA,2,"vcu","vcu","vcu","USA","Department of Psychology, Virginia Commonwealth University, Richmond, VA 23284","English",1,NA,"Yes","In a lab","Computers","No, the whole study was on the computer (except maybe consent/debriefing)","Knobe|Tversky|Geissner|Hauser|Hsee|Savani|Ross.Slate2|Shafir|Gray|Schwarz|Zaval|Zhong|Norenzayan|Risen|Tversky.Gati","ID: TIPI for Big-Five|ID: Mood|ID: Global self-esteem SISE|ID: Cognitive reflection|ID: Subjective wellbeing",14,"Global","all",TRUE
"2066",6896,4,"Unprepared","ML2_Slate2_USEng_Inlab_DEPLOY_r.csv","vcu",4,NA,2,"vcu","vcu","vcu","USA","Department of Psychology, Virginia Commonwealth University, Richmond, VA 23284","English",1,NA,"Yes","In a lab","Computers","No, the whole study was on the computer (except maybe consent/debriefing)","Shafir|Zaval|Schwarz|Ross.Slate2|Geissner|Gray|Tversky.Gati|Hsee|Zhong|Norenzayan|Savani|Risen|Hauser|Tversky|Knobe","ID: TIPI for Big-Five|ID: Mood|ID: Global self-esteem SISE|ID: Subjective wellbeing|ID: Cognitive reflection",12,"Global","all",TRUE
"2067",6897,4,"Unprepared","ML2_Slate2_USEng_Inlab_DEPLOY_r.csv","vcu",4,NA,2,"vcu","vcu","vcu","USA","Department of Psychology, Virginia Commonwealth University, Richmond, VA 23284","English",1,NA,"Yes","In a lab","Computers","No, the whole study was on the computer (except maybe consent/debriefing)","Knobe|Schwarz|Shafir|Geissner|Zaval|Savani|Hsee|Norenzayan|Ross.Slate2|Hauser|Tversky.Gati|Risen|Gray|Tversky|Zhong","ID: Subjective wellbeing|ID: Cognitive reflection|ID: Mood|ID: Global self-esteem SISE|ID: TIPI for Big-Five",12,"Global","all",TRUE
"2068",6899,6,"Unprepared","ML2_Slate2_USEng_Inlab_DEPLOY_r.csv","vcu",6,NA,2,"vcu","vcu","vcu","USA","Department of Psychology, Virginia Commonwealth University, Richmond, VA 23284","English",1,NA,"Yes","In a lab","Computers","No, the whole study was on the computer (except maybe consent/debriefing)","Savani|Zaval|Hsee|Ross.Slate2|Tversky.Gati|Tversky|Zhong|Hauser|Gray|Risen|Knobe|Schwarz|Geissner|Norenzayan|Shafir","ID: Mood|ID: Global self-esteem SISE|ID: Subjective wellbeing|ID: TIPI for Big-Five|ID: Cognitive reflection",10,"Global","all",TRUE
"2069",6900,2,"Unprepared","ML2_Slate2_USEng_Inlab_DEPLOY_r.csv","vcu",2,NA,2,"vcu","vcu","vcu","USA","Department of Psychology, Virginia Commonwealth University, Richmond, VA 23284","English",1,NA,"Yes","In a lab","Computers","No, the whole study was on the computer (except maybe consent/debriefing)","Zhong|Hsee|Tversky.Gati|Zaval|Knobe|Hauser|Schwarz|Gray|Shafir|Norenzayan|Ross.Slate2|Risen|Tversky|Savani|Geissner","ID: Mood|ID: Global self-esteem SISE|ID: TIPI for Big-Five|ID: Cognitive reflection|ID: Subjective wellbeing",12,"Global","all",TRUE
"2099",6961,7,"Unprepared","ML2_Slate2_USEng_Inlab_DEPLOY_r.csv","vcu",7,NA,2,"vcu","vcu","vcu","USA","Department of Psychology, Virginia Commonwealth University, Richmond, VA 23284","English",1,NA,"Yes","In a lab","Computers","No, the whole study was on the computer (except maybe consent/debriefing)","Zaval|Ross.Slate2|Risen|Shafir|Tversky.Gati|Zhong|Savani|Tversky|Schwarz|Gray|Hsee|Geissner|Norenzayan|Hauser|Knobe","ID: TIPI for Big-Five|ID: Global self-esteem SISE|ID: Cognitive reflection|ID: Subjective wellbeing|ID: Mood",3,"Global","all",TRUE
"2100",6962,6,"Unprepared","ML2_Slate2_USEng_Inlab_DEPLOY_r.csv","vcu",6,NA,2,"vcu","vcu","vcu","USA","Department of Psychology, Virginia Commonwealth University, Richmond, VA 23284","English",1,NA,"Yes","In a lab","Computers","No, the whole study was on the computer (except maybe consent/debriefing)","Hauser|Ross.Slate2|Zaval|Zhong|Shafir|Risen|Norenzayan|Schwarz|Knobe|Gray|Savani|Tversky|Geissner|Hsee|Tversky.Gati","ID: Cognitive reflection|ID: Mood|ID: Global self-esteem SISE|ID: Subjective wellbeing|ID: TIPI for Big-Five",6,"Global","all",TRUE
"2101",6963,4,"Unprepared","ML2_Slate2_USEng_Inlab_DEPLOY_r.csv","vcu",4,NA,2,"vcu","vcu","vcu","USA","Department of Psychology, Virginia Commonwealth University, Richmond, VA 23284","English",1,NA,"Yes","In a lab","Computers","No, the whole study was on the computer (except maybe consent/debriefing)","Tversky|Risen|Zaval|Schwarz|Tversky.Gati|Hauser|Norenzayan|Savani|Shafir|Knobe|Zhong|Hsee|Gray|Geissner|Ross.Slate2","ID: Mood|ID: Cognitive reflection|ID: Global self-esteem SISE|ID: Subjective wellbeing|ID: TIPI for Big-Five",2,"Global","all",TRUE
"3845",5579,6,"Prepared","ML2_Slate2_USEng_Inlab_DEPLOY_r.csv","vcu",NA,6,2,"vcu","vcu","vcu","USA","Department of Psychology, Virginia Commonwealth University, Richmond, VA 23284","English",1,NA,"Yes","In a lab","Computers","No, the whole study was on the computer (except maybe consent/debriefing)","Norenzayan|Hsee|Savani|Zhong|Tversky.Gati|Risen|Tversky|Schwarz|Hauser|Ross.Slate2|Shafir|Knobe|Zaval|Geissner|Gray","ID: Subjective wellbeing|ID: TIPI for Big-Five|ID: Cognitive reflection|ID: Mood|ID: Global self-esteem SISE",6,"Global","all",TRUE
"3905",5712,4,"Prepared","ML2_Slate2_USEng_Inlab_DEPLOY_r.csv","vcu",NA,4,2,"vcu","vcu","vcu","USA","Department of Psychology, Virginia Commonwealth University, Richmond, VA 23284","English",1,NA,"Yes","In a lab","Computers","No, the whole study was on the computer (except maybe consent/debriefing)","Norenzayan|Tversky|Gray|Hauser|Zhong|Knobe|Hsee|Schwarz|Zaval|Geissner|Tversky.Gati|Ross.Slate2|Risen|Savani|Shafir","ID: Cognitive reflection|ID: Global self-esteem SISE|ID: TIPI for Big-Five|ID: Subjective wellbeing|ID: Mood",13,"Global","all",TRUE
"3907",5714,6,"Prepared","ML2_Slate2_USEng_Inlab_DEPLOY_r.csv","vcu",NA,6,2,"vcu","vcu","vcu","USA","Department of Psychology, Virginia Commonwealth University, Richmond, VA 23284","English",1,NA,"Yes","In a lab","Computers","No, the whole study was on the computer (except maybe consent/debriefing)","Hauser|Shafir|Geissner|Savani|Knobe|Zaval|Tversky|Ross.Slate2|Gray|Norenzayan|Tversky.Gati|Hsee|Risen|Schwarz|Zhong","ID: Subjective wellbeing|ID: Mood|ID: TIPI for Big-Five|ID: Cognitive reflection|ID: Global self-esteem SISE",13,"Global","all",TRUE
"3908",5718,3,"Prepared","ML2_Slate2_USEng_Inlab_DEPLOY_r.csv","vcu",NA,3,2,"vcu","vcu","vcu","USA","Department of Psychology, Virginia Commonwealth University, Richmond, VA 23284","English",1,NA,"Yes","In a lab","Computers","No, the whole study was on the computer (except maybe consent/debriefing)","Gray|Shafir|Geissner|Savani|Knobe|Schwarz|Hauser|Tversky.Gati|Risen|Zaval|Norenzayan|Zhong|Hsee|Ross.Slate2|Tversky","ID: TIPI for Big-Five|ID: Cognitive reflection|ID: Global self-esteem SISE|ID: Mood|ID: Subjective wellbeing",9,"Global","all",TRUE
"3929",5771,6,"Prepared","ML2_Slate2_USEng_Inlab_DEPLOY_r.csv","vcu",NA,6,2,"vcu","vcu","vcu","USA","Department of Psychology, Virginia Commonwealth University, Richmond, VA 23284","English",1,NA,"Yes","In a lab","Computers","No, the whole study was on the computer (except maybe consent/debriefing)","Savani|Shafir|Risen|Tversky.Gati|Gray|Zaval|Zhong|Geissner|Knobe|Schwarz|Ross.Slate2|Hauser|Norenzayan|Tversky|Hsee","ID: Cognitive reflection|ID: TIPI for Big-Five|ID: Subjective wellbeing|ID: Global self-esteem SISE|ID: Mood",3,"Global","all",TRUE
"3945",5852,5,"Prepared","ML2_Slate2_USEng_Inlab_DEPLOY_r.csv","vcu",NA,5,2,"vcu","vcu","vcu","USA","Department of Psychology, Virginia Commonwealth University, Richmond, VA 23284","English",1,NA,"Yes","In a lab","Computers","No, the whole study was on the computer (except maybe consent/debriefing)","Norenzayan|Risen|Zhong|Savani|Geissner|Knobe|Ross.Slate2|Schwarz|Shafir|Zaval|Tversky|Hsee|Tversky.Gati|Gray|Hauser","ID: TIPI for Big-Five|ID: Subjective wellbeing|ID: Mood|ID: Global self-esteem SISE|ID: Cognitive reflection",2,"Global","all",TRUE
"3946",5853,2,"Prepared","ML2_Slate2_USEng_Inlab_DEPLOY_r.csv","vcu",NA,2,NA,"vcu","vcu","vcu","USA","Department of Psychology, Virginia Commonwealth University, Richmond, VA 23284","English",1,NA,"Yes","In a lab","Computers","No, the whole study was on the computer (except maybe consent/debriefing)","Zhong|Knobe|Savani|Tversky|Hsee|Shafir|Norenzayan|Schwarz|Tversky.Gati|Gray|Geissner|Ross.Slate2|Hauser|Zaval|Risen","ID: Global self-esteem SISE|ID: Subjective wellbeing|ID: Mood|ID: Cognitive reflection|ID: TIPI for Big-Five",15,"Global","all",TRUE
"4001",6018,3,"Prepared","ML2_Slate2_USEng_Inlab_DEPLOY_r.csv","vcu",NA,3,1,"vcu","vcu","vcu","USA","Department of Psychology, Virginia Commonwealth University, Richmond, VA 23284","English",1,NA,"Yes","In a lab","Computers","No, the whole study was on the computer (except maybe consent/debriefing)","Hsee|Ross.Slate2|Knobe|Schwarz|Tversky|Hauser|Geissner|Zhong|Norenzayan|Risen|Tversky.Gati|Zaval|Shafir|Gray|Savani","ID: Cognitive reflection|ID: Global self-esteem SISE|ID: TIPI for Big-Five|ID: Subjective wellbeing|ID: Mood",10,"Global","all",TRUE
"4009",6035,4,"Prepared","ML2_Slate2_USEng_Inlab_DEPLOY_r.csv","vcu",NA,4,2,"vcu","vcu","vcu","USA","Department of Psychology, Virginia Commonwealth University, Richmond, VA 23284","English",1,NA,"Yes","In a lab","Computers","No, the whole study was on the computer (except maybe consent/debriefing)","Hsee|Zaval|Tversky|Zhong|Savani|Geissner|Shafir|Tversky.Gati|Knobe|Gray|Schwarz|Risen|Ross.Slate2|Hauser|Norenzayan","ID: Global self-esteem SISE|ID: Cognitive reflection|ID: TIPI for Big-Five|ID: Subjective wellbeing|ID: Mood",12,"Global","all",TRUE
"4010",6037,6,"Prepared","ML2_Slate2_USEng_Inlab_DEPLOY_r.csv","vcu",NA,6,2,"vcu","vcu","vcu","USA","Department of Psychology, Virginia Commonwealth University, Richmond, VA 23284","English",1,NA,"Yes","In a lab","Computers","No, the whole study was on the computer (except maybe consent/debriefing)","Tversky|Savani|Ross.Slate2|Knobe|Zhong|Geissner|Shafir|Norenzayan|Gray|Schwarz|Zaval|Risen|Hauser|Hsee|Tversky.Gati","ID: Mood|ID: TIPI for Big-Five|ID: Subjective wellbeing|ID: Global self-esteem SISE|ID: Cognitive reflection",12,"Global","all",TRUE
"4011",6038,4,"Prepared","ML2_Slate2_USEng_Inlab_DEPLOY_r.csv","vcu",NA,4,1,"vcu","vcu","vcu","USA","Department of Psychology, Virginia Commonwealth University, Richmond, VA 23284","English",1,NA,"Yes","In a lab","Computers","No, the whole study was on the computer (except maybe consent/debriefing)","Savani|Tversky|Gray|Zaval|Hsee|Hauser|Schwarz|Knobe|Risen|Geissner|Tversky.Gati|Ross.Slate2|Shafir|Zhong|Norenzayan","ID: TIPI for Big-Five|ID: Subjective wellbeing|ID: Global self-esteem SISE|ID: Mood|ID: Cognitive reflection",9,"Global","all",TRUE
"4028",6075,1,"Prepared","ML2_Slate2_USEng_Inlab_DEPLOY_r.csv","vcu",NA,1,1,"vcu","vcu","vcu","USA","Department of Psychology, Virginia Commonwealth University, Richmond, VA 23284","English",1,NA,"Yes","In a lab","Computers","No, the whole study was on the computer (except maybe consent/debriefing)","Tversky.Gati|Gray|Savani|Shafir|Hsee|Hauser|Geissner|Zaval|Norenzayan|Knobe|Tversky|Schwarz|Risen|Zhong|Ross.Slate2","ID: Global self-esteem SISE|ID: Subjective wellbeing|ID: Mood|ID: Cognitive reflection|ID: TIPI for Big-Five",13,"Global","all",TRUE
"4029",6076,2,"Prepared","ML2_Slate2_USEng_Inlab_DEPLOY_r.csv","vcu",NA,2,2,"vcu","vcu","vcu","USA","Department of Psychology, Virginia Commonwealth University, Richmond, VA 23284","English",1,NA,"Yes","In a lab","Computers","No, the whole study was on the computer (except maybe consent/debriefing)","Zhong|Savani|Norenzayan|Geissner|Schwarz|Risen|Tversky|Shafir|Hauser|Hsee|Zaval|Ross.Slate2|Gray|Knobe|Tversky.Gati","ID: Subjective wellbeing|ID: TIPI for Big-Five|ID: Mood|ID: Cognitive reflection|ID: Global self-esteem SISE",6,"Global","all",TRUE
"4030",6077,6,"Prepared","ML2_Slate2_USEng_Inlab_DEPLOY_r.csv","vcu",NA,6,1,"vcu","vcu","vcu","USA","Department of Psychology, Virginia Commonwealth University, Richmond, VA 23284","English",1,NA,"Yes","In a lab","Computers","No, the whole study was on the computer (except maybe consent/debriefing)","Schwarz|Tversky.Gati|Knobe|Zhong|Geissner|Gray|Norenzayan|Savani|Ross.Slate2|Tversky|Zaval|Hsee|Shafir|Hauser|Risen","ID: Cognitive reflection|ID: TIPI for Big-Five|ID: Subjective wellbeing|ID: Mood|ID: Global self-esteem SISE",15,"Global","all",TRUE
"4031",6079,1,"Prepared","ML2_Slate2_USEng_Inlab_DEPLOY_r.csv","vcu",NA,1,1,"vcu","vcu","vcu","USA","Department of Psychology, Virginia Commonwealth University, Richmond, VA 23284","English",1,NA,"Yes","In a lab","Computers","No, the whole study was on the computer (except maybe consent/debriefing)","Geissner|Tversky.Gati|Risen|Norenzayan|Zhong|Knobe|Hsee|Ross.Slate2|Tversky|Shafir|Zaval|Savani|Schwarz|Hauser|Gray","ID: Cognitive reflection|ID: TIPI for Big-Five|ID: Global self-esteem SISE|ID: Subjective wellbeing|ID: Mood",3,"Global","all",TRUE
"4070",6152,4,"Prepared","ML2_Slate2_USEng_Inlab_DEPLOY_r.csv","vcu",NA,4,2,"vcu","vcu","vcu","USA","Department of Psychology, Virginia Commonwealth University, Richmond, VA 23284","English",1,NA,"Yes","In a lab","Computers","No, the whole study was on the computer (except maybe consent/debriefing)","Hsee|Tversky|Geissner|Ross.Slate2|Gray|Tversky.Gati|Zhong|Knobe|Hauser|Savani|Zaval|Schwarz|Norenzayan|Shafir|Risen","ID: Global self-esteem SISE|ID: Subjective wellbeing|ID: Cognitive reflection|ID: TIPI for Big-Five|ID: Mood",15,"Global","all",TRUE
"4071",6156,2,"Prepared","ML2_Slate2_USEng_Inlab_DEPLOY_r.csv","vcu",NA,2,2,"vcu","vcu","vcu","USA","Department of Psychology, Virginia Commonwealth University, Richmond, VA 23284","English",1,NA,"Yes","In a lab","Computers","No, the whole study was on the computer (except maybe consent/debriefing)","Hsee|Gray|Tversky.Gati|Geissner|Norenzayan|Schwarz|Tversky|Risen|Savani|Knobe|Shafir|Hauser|Zaval|Ross.Slate2|Zhong","ID: Mood|ID: Cognitive reflection|ID: Global self-esteem SISE|ID: Subjective wellbeing|ID: TIPI for Big-Five",8,"Global","all",TRUE
"4129",6328,5,"Prepared","ML2_Slate2_USEng_Inlab_DEPLOY_r.csv","vcu",NA,5,2,"vcu","vcu","vcu","USA","Department of Psychology, Virginia Commonwealth University, Richmond, VA 23284","English",1,NA,"Yes","In a lab","Computers","No, the whole study was on the computer (except maybe consent/debriefing)","Ross.Slate2|Gray|Zhong|Tversky|Shafir|Risen|Geissner|Schwarz|Norenzayan|Savani|Hsee|Tversky.Gati|Zaval|Knobe|Hauser","ID: Subjective wellbeing|ID: Mood|ID: Global self-esteem SISE|ID: TIPI for Big-Five|ID: Cognitive reflection",6,"Global","all",TRUE
"4150",6371,1,"Prepared","ML2_Slate2_USEng_Inlab_DEPLOY_r.csv","vcu",NA,1,1,"vcu","vcu","vcu","USA","Department of Psychology, Virginia Commonwealth University, Richmond, VA 23284","English",1,NA,"Yes","In a lab","Computers","No, the whole study was on the computer (except maybe consent/debriefing)","Zhong|Tversky.Gati|Hsee|Savani|Hauser|Knobe|Ross.Slate2|Norenzayan|Tversky|Schwarz|Zaval|Shafir|Gray|Geissner|Risen","ID: Subjective wellbeing|ID: Global self-esteem SISE|ID: Cognitive reflection|ID: TIPI for Big-Five|ID: Mood",15,"Global","all",TRUE
"4152",6377,3,"Prepared","ML2_Slate2_USEng_Inlab_DEPLOY_r.csv","vcu",NA,3,1,"vcu","vcu","vcu","USA","Department of Psychology, Virginia Commonwealth University, Richmond, VA 23284","English",1,NA,"Yes","In a lab","Computers","No, the whole study was on the computer (except maybe consent/debriefing)","Norenzayan|Zhong|Gray|Ross.Slate2|Geissner|Tversky|Hsee|Risen|Zaval|Hauser|Knobe|Tversky.Gati|Schwarz|Shafir|Savani","ID: Subjective wellbeing|ID: Mood|ID: Cognitive reflection|ID: TIPI for Big-Five|ID: Global self-esteem SISE",8,"Global","all",TRUE
"4154",6382,6,"Prepared","ML2_Slate2_USEng_Inlab_DEPLOY_r.csv","vcu",NA,6,2,"vcu","vcu","vcu","USA","Department of Psychology, Virginia Commonwealth University, Richmond, VA 23284","English",1,NA,"Yes","In a lab","Computers","No, the whole study was on the computer (except maybe consent/debriefing)","Shafir|Tversky|Hauser|Norenzayan|Savani|Hsee|Zaval|Schwarz|Gray|Knobe|Zhong|Tversky.Gati|Risen|Ross.Slate2|Geissner","ID: Cognitive reflection|ID: Subjective wellbeing|ID: Mood|ID: TIPI for Big-Five|ID: Global self-esteem SISE",13,"Global","all",TRUE
"4173",6418,2,"Prepared","ML2_Slate2_USEng_Inlab_DEPLOY_r.csv","vcu",NA,2,2,"vcu","vcu","vcu","USA","Department of Psychology, Virginia Commonwealth University, Richmond, VA 23284","English",1,NA,"Yes","In a lab","Computers","No, the whole study was on the computer (except maybe consent/debriefing)","Risen|Ross.Slate2|Tversky|Savani|Shafir|Tversky.Gati|Zaval|Gray|Schwarz|Norenzayan|Zhong|Geissner|Knobe|Hauser|Hsee","ID: Subjective wellbeing|ID: Cognitive reflection|ID: Mood|ID: TIPI for Big-Five|ID: Global self-esteem SISE",1,"Global","all",TRUE
"4202",6498,4,"Prepared","ML2_Slate2_USEng_Inlab_DEPLOY_r.csv","vcu",NA,4,1,"vcu","vcu","vcu","USA","Department of Psychology, Virginia Commonwealth University, Richmond, VA 23284","English",1,NA,"Yes","In a lab","Computers","No, the whole study was on the computer (except maybe consent/debriefing)","Schwarz|Zhong|Hsee|Norenzayan|Geissner|Gray|Tversky|Tversky.Gati|Hauser|Risen|Savani|Shafir|Ross.Slate2|Knobe|Zaval","ID: Subjective wellbeing|ID: Global self-esteem SISE|ID: Cognitive reflection|ID: Mood|ID: TIPI for Big-Five",10,"Global","all",TRUE
"4203",6499,2,"Prepared","ML2_Slate2_USEng_Inlab_DEPLOY_r.csv","vcu",NA,2,1,"vcu","vcu","vcu","USA","Department of Psychology, Virginia Commonwealth University, Richmond, VA 23284","English",1,NA,"Yes","In a lab","Computers","No, the whole study was on the computer (except maybe consent/debriefing)","Knobe|Hsee|Shafir|Risen|Schwarz|Norenzayan|Hauser|Savani|Zaval|Geissner|Tversky|Tversky.Gati|Zhong|Ross.Slate2|Gray","ID: Mood|ID: Cognitive reflection|ID: TIPI for Big-Five|ID: Global self-esteem SISE|ID: Subjective wellbeing",4,"Global","all",TRUE
"4227",6540,7,"Prepared","ML2_Slate2_USEng_Inlab_DEPLOY_r.csv","vcu",NA,7,2,"vcu","vcu","vcu","USA","Department of Psychology, Virginia Commonwealth University, Richmond, VA 23284","English",1,NA,"Yes","In a lab","Computers","No, the whole study was on the computer (except maybe consent/debriefing)","Gray|Knobe|Norenzayan|Tversky|Shafir|Schwarz|Hsee|Geissner|Zhong|Tversky.Gati|Hauser|Risen|Savani|Ross.Slate2|Zaval","ID: Cognitive reflection|ID: Global self-esteem SISE|ID: Mood|ID: Subjective wellbeing|ID: TIPI for Big-Five",12,"Global","all",TRUE
"4228",6543,5,"Prepared","ML2_Slate2_USEng_Inlab_DEPLOY_r.csv","vcu",NA,5,1,"vcu","vcu","vcu","USA","Department of Psychology, Virginia Commonwealth University, Richmond, VA 23284","English",1,NA,"Yes","In a lab","Computers","No, the whole study was on the computer (except maybe consent/debriefing)","Risen|Geissner|Zaval|Tversky.Gati|Hsee|Schwarz|Shafir|Hauser|Knobe|Zhong|Ross.Slate2|Gray|Tversky|Norenzayan|Savani","ID: Cognitive reflection|ID: Subjective wellbeing|ID: Mood|ID: TIPI for Big-Five|ID: Global self-esteem SISE",1,"Global","all",TRUE
"4231",6547,3,"Prepared","ML2_Slate2_USEng_Inlab_DEPLOY_r.csv","vcu",NA,3,2,"vcu","vcu","vcu","USA","Department of Psychology, Virginia Commonwealth University, Richmond, VA 23284","English",1,NA,"Yes","In a lab","Computers","No, the whole study was on the computer (except maybe consent/debriefing)","Savani|Shafir|Risen|Ross.Slate2|Zaval|Zhong|Gray|Schwarz|Tversky.Gati|Knobe|Geissner|Hauser|Norenzayan|Tversky|Hsee","ID: TIPI for Big-Five|ID: Global self-esteem SISE|ID: Subjective wellbeing|ID: Cognitive reflection|ID: Mood",3,"Global","all",TRUE
"4234",6552,4,"Prepared","ML2_Slate2_USEng_Inlab_DEPLOY_r.csv","vcu",NA,4,1,"vcu","vcu","vcu","USA","Department of Psychology, Virginia Commonwealth University, Richmond, VA 23284","English",1,NA,"Yes","In a lab","Computers","No, the whole study was on the computer (except maybe consent/debriefing)","Gray|Shafir|Hauser|Zaval|Schwarz|Geissner|Risen|Ross.Slate2|Tversky|Zhong|Norenzayan|Savani|Hsee|Tversky.Gati|Knobe","ID: Global self-esteem SISE|ID: Mood|ID: Cognitive reflection|ID: Subjective wellbeing|ID: TIPI for Big-Five",7,"Global","all",TRUE
"4263",6631,2,"Prepared","ML2_Slate2_USEng_Inlab_DEPLOY_r.csv","vcu",NA,2,2,"vcu","vcu","vcu","USA","Department of Psychology, Virginia Commonwealth University, Richmond, VA 23284","English",1,NA,"Yes","In a lab","Computers","No, the whole study was on the computer (except maybe consent/debriefing)","Schwarz|Gray|Hsee|Hauser|Tversky|Shafir|Zaval|Savani|Norenzayan|Knobe|Risen|Ross.Slate2|Geissner|Zhong|Tversky.Gati","ID: Cognitive reflection|ID: TIPI for Big-Five|ID: Global self-esteem SISE|ID: Subjective wellbeing|ID: Mood",11,"Global","all",TRUE
"4264",6633,1,"Prepared","ML2_Slate2_USEng_Inlab_DEPLOY_r.csv","vcu",NA,1,2,"vcu","vcu","vcu","USA","Department of Psychology, Virginia Commonwealth University, Richmond, VA 23284","English",1,NA,"Yes","In a lab","Computers","No, the whole study was on the computer (except maybe consent/debriefing)","Gray|Risen|Geissner|Tversky.Gati|Norenzayan|Hauser|Schwarz|Zhong|Shafir|Knobe|Tversky|Hsee|Zaval|Savani|Ross.Slate2","ID: Global self-esteem SISE|ID: Mood|ID: TIPI for Big-Five|ID: Subjective wellbeing|ID: Cognitive reflection",2,"Global","all",TRUE
"4325",6741,2,"Prepared","ML2_Slate2_USEng_Inlab_DEPLOY_r.csv","vcu",NA,2,2,"vcu","vcu","vcu","USA","Department of Psychology, Virginia Commonwealth University, Richmond, VA 23284","English",1,NA,"Yes","In a lab","Computers","No, the whole study was on the computer (except maybe consent/debriefing)","Risen|Ross.Slate2|Zhong|Savani|Geissner|Shafir|Tversky|Gray|Tversky.Gati|Hsee|Hauser|Zaval|Knobe|Schwarz|Norenzayan","ID: TIPI for Big-Five|ID: Mood|ID: Global self-esteem SISE|ID: Subjective wellbeing|ID: Cognitive reflection",1,"Global","all",TRUE
"4335",6760,3,"Prepared","ML2_Slate2_USEng_Inlab_DEPLOY_r.csv","vcu",NA,3,2,"vcu","vcu","vcu","USA","Department of Psychology, Virginia Commonwealth University, Richmond, VA 23284","English",1,NA,"Yes","In a lab","Computers","No, the whole study was on the computer (except maybe consent/debriefing)","Gray|Savani|Knobe|Tversky.Gati|Risen|Hauser|Norenzayan|Schwarz|Shafir|Zhong|Ross.Slate2|Hsee|Tversky|Geissner|Zaval","ID: Subjective wellbeing|ID: Global self-esteem SISE|ID: Cognitive reflection|ID: TIPI for Big-Five|ID: Mood",5,"Global","all",TRUE
"4336",6761,7,"Prepared","ML2_Slate2_USEng_Inlab_DEPLOY_r.csv","vcu",NA,7,1,"vcu","vcu","vcu","USA","Department of Psychology, Virginia Commonwealth University, Richmond, VA 23284","English",1,NA,"Yes","In a lab","Computers","No, the whole study was on the computer (except maybe consent/debriefing)","Gray|Hauser|Risen|Ross.Slate2|Geissner|Savani|Knobe|Shafir|Tversky|Norenzayan|Zhong|Tversky.Gati|Hsee|Schwarz|Zaval","ID: Subjective wellbeing|ID: TIPI for Big-Five|ID: Cognitive reflection|ID: Mood|ID: Global self-esteem SISE",3,"Global","all",TRUE
"4337",6762,5,"Prepared","ML2_Slate2_USEng_Inlab_DEPLOY_r.csv","vcu",NA,5,2,"vcu","vcu","vcu","USA","Department of Psychology, Virginia Commonwealth University, Richmond, VA 23284","English",1,NA,"Yes","In a lab","Computers","No, the whole study was on the computer (except maybe consent/debriefing)","Ross.Slate2|Hsee|Knobe|Hauser|Shafir|Risen|Savani|Norenzayan|Zhong|Geissner|Gray|Tversky|Zaval|Schwarz|Tversky.Gati","ID: Subjective wellbeing|ID: TIPI for Big-Five|ID: Cognitive reflection|ID: Mood|ID: Global self-esteem SISE",6,"Global","all",TRUE
"4351",6801,6,"Prepared","ML2_Slate2_USEng_Inlab_DEPLOY_r.csv","vcu",NA,6,2,"vcu","vcu","vcu","USA","Department of Psychology, Virginia Commonwealth University, Richmond, VA 23284","English",1,NA,"Yes","In a lab","Computers","No, the whole study was on the computer (except maybe consent/debriefing)","Norenzayan|Shafir|Knobe|Tversky.Gati|Geissner|Savani|Hauser|Ross.Slate2|Tversky|Zaval|Hsee|Risen|Gray|Schwarz|Zhong","ID: Mood|ID: Cognitive reflection|ID: Subjective wellbeing|ID: Global self-esteem SISE|ID: TIPI for Big-Five",12,"Global","all",TRUE
"4360",6815,10,"Prepared","ML2_Slate2_USEng_Inlab_DEPLOY_r.csv","vcu",NA,10,1,"vcu","vcu","vcu","USA","Department of Psychology, Virginia Commonwealth University, Richmond, VA 23284","English",1,NA,"Yes","In a lab","Computers","No, the whole study was on the computer (except maybe consent/debriefing)","Geissner|Risen|Zhong|Schwarz|Tversky.Gati|Gray|Tversky|Hsee|Zaval|Shafir|Hauser|Ross.Slate2|Savani|Knobe|Norenzayan","ID: TIPI for Big-Five|ID: Subjective wellbeing|ID: Global self-esteem SISE|ID: Mood|ID: Cognitive reflection",2,"Global","all",TRUE
"4361",6816,2,"Prepared","ML2_Slate2_USEng_Inlab_DEPLOY_r.csv","vcu",NA,2,1,"vcu","vcu","vcu","USA","Department of Psychology, Virginia Commonwealth University, Richmond, VA 23284","English",1,NA,"Yes","In a lab","Computers","No, the whole study was on the computer (except maybe consent/debriefing)","Risen|Tversky|Tversky.Gati|Hsee|Ross.Slate2|Geissner|Gray|Zaval|Zhong|Savani|Schwarz|Shafir|Knobe|Norenzayan|Hauser","ID: Cognitive reflection|ID: Global self-esteem SISE|ID: Subjective wellbeing|ID: TIPI for Big-Five|ID: Mood",1,"Global","all",TRUE
"4363",6820,8,"Prepared","ML2_Slate2_USEng_Inlab_DEPLOY_r.csv","vcu",NA,8,1,"vcu","vcu","vcu","USA","Department of Psychology, Virginia Commonwealth University, Richmond, VA 23284","English",1,NA,"Yes","In a lab","Computers","No, the whole study was on the computer (except maybe consent/debriefing)","Zhong|Knobe|Zaval|Savani|Tversky|Hsee|Schwarz|Ross.Slate2|Hauser|Shafir|Gray|Norenzayan|Tversky.Gati|Risen|Geissner","ID: Cognitive reflection|ID: Subjective wellbeing|ID: Global self-esteem SISE|ID: Mood|ID: TIPI for Big-Five",14,"Global","all",TRUE
"4366",6825,6,"Prepared","ML2_Slate2_USEng_Inlab_DEPLOY_r.csv","vcu",NA,6,2,"vcu","vcu","vcu","USA","Department of Psychology, Virginia Commonwealth University, Richmond, VA 23284","English",1,NA,"Yes","In a lab","Computers","No, the whole study was on the computer (except maybe consent/debriefing)","Hsee|Ross.Slate2|Savani|Geissner|Zhong|Risen|Shafir|Norenzayan|Knobe|Schwarz|Zaval|Tversky.Gati|Gray|Tversky|Hauser","ID: Subjective wellbeing|ID: Cognitive reflection|ID: TIPI for Big-Five|ID: Global self-esteem SISE|ID: Mood",6,"Global","all",TRUE
"4372",6836,5,"Prepared","ML2_Slate2_USEng_Inlab_DEPLOY_r.csv","vcu",NA,5,2,"vcu","vcu","vcu","USA","Department of Psychology, Virginia Commonwealth University, Richmond, VA 23284","English",1,NA,"Yes","In a lab","Computers","No, the whole study was on the computer (except maybe consent/debriefing)","Norenzayan|Hauser|Savani|Risen|Knobe|Tversky.Gati|Schwarz|Zaval|Geissner|Shafir|Tversky|Hsee|Ross.Slate2|Zhong|Gray","ID: Subjective wellbeing|ID: Mood|ID: TIPI for Big-Five|ID: Cognitive reflection|ID: Global self-esteem SISE",4,"Global","all",TRUE
"4373",6837,4,"Prepared","ML2_Slate2_USEng_Inlab_DEPLOY_r.csv","vcu",NA,4,1,"vcu","vcu","vcu","USA","Department of Psychology, Virginia Commonwealth University, Richmond, VA 23284","English",1,NA,"Yes","In a lab","Computers","No, the whole study was on the computer (except maybe consent/debriefing)","Shafir|Hsee|Zhong|Hauser|Geissner|Knobe|Savani|Zaval|Gray|Tversky.Gati|Norenzayan|Tversky|Ross.Slate2|Risen|Schwarz","ID: TIPI for Big-Five|ID: Global self-esteem SISE|ID: Mood|ID: Subjective wellbeing|ID: Cognitive reflection",14,"Global","all",TRUE
"4374",6838,2,"Prepared","ML2_Slate2_USEng_Inlab_DEPLOY_r.csv","vcu",NA,2,1,"vcu","vcu","vcu","USA","Department of Psychology, Virginia Commonwealth University, Richmond, VA 23284","English",1,NA,"Yes","In a lab","Computers","No, the whole study was on the computer (except maybe consent/debriefing)","Norenzayan|Knobe|Risen|Hauser|Tversky|Ross.Slate2|Schwarz|Hsee|Savani|Shafir|Tversky.Gati|Zhong|Gray|Geissner|Zaval","ID: TIPI for Big-Five|ID: Mood|ID: Cognitive reflection|ID: Subjective wellbeing|ID: Global self-esteem SISE",3,"Global","all",TRUE
"4375",6839,5,"Prepared","ML2_Slate2_USEng_Inlab_DEPLOY_r.csv","vcu",NA,5,2,"vcu","vcu","vcu","USA","Department of Psychology, Virginia Commonwealth University, Richmond, VA 23284","English",1,NA,"Yes","In a lab","Computers","No, the whole study was on the computer (except maybe consent/debriefing)","Geissner|Zhong|Gray|Hauser|Savani|Hsee|Ross.Slate2|Norenzayan|Risen|Zaval|Schwarz|Knobe|Tversky|Tversky.Gati|Shafir","ID: Subjective wellbeing|ID: Mood|ID: Global self-esteem SISE|ID: TIPI for Big-Five|ID: Cognitive reflection",9,"Global","all",TRUE
"4376",6842,8,"Prepared","ML2_Slate2_USEng_Inlab_DEPLOY_r.csv","vcu",NA,8,2,"vcu","vcu","vcu","USA","Department of Psychology, Virginia Commonwealth University, Richmond, VA 23284","English",1,NA,"Yes","In a lab","Computers","No, the whole study was on the computer (except maybe consent/debriefing)","Hsee|Ross.Slate2|Gray|Tversky.Gati|Norenzayan|Risen|Tversky|Knobe|Shafir|Zhong|Schwarz|Savani|Zaval|Hauser|Geissner","ID: Subjective wellbeing|ID: Global self-esteem SISE|ID: Cognitive reflection|ID: TIPI for Big-Five|ID: Mood",6,"Global","all",TRUE
"4377",6843,2,"Prepared","ML2_Slate2_USEng_Inlab_DEPLOY_r.csv","vcu",NA,2,2,"vcu","vcu","vcu","USA","Department of Psychology, Virginia Commonwealth University, Richmond, VA 23284","English",1,NA,"Yes","In a lab","Computers","No, the whole study was on the computer (except maybe consent/debriefing)","Hauser|Norenzayan|Hsee|Tversky|Ross.Slate2|Gray|Knobe|Shafir|Geissner|Risen|Schwarz|Zhong|Zaval|Savani|Tversky.Gati","ID: TIPI for Big-Five|ID: Cognitive reflection|ID: Subjective wellbeing|ID: Mood|ID: Global self-esteem SISE",10,"Global","all",TRUE
"4378",6845,1,"Prepared","ML2_Slate2_USEng_Inlab_DEPLOY_r.csv","vcu",NA,1,1,"vcu","vcu","vcu","USA","Department of Psychology, Virginia Commonwealth University, Richmond, VA 23284","English",1,NA,"Yes","In a lab","Computers","No, the whole study was on the computer (except maybe consent/debriefing)","Gray|Norenzayan|Shafir|Tversky.Gati|Ross.Slate2|Hsee|Geissner|Tversky|Savani|Zaval|Schwarz|Knobe|Risen|Zhong|Hauser","ID: Subjective wellbeing|ID: Mood|ID: Cognitive reflection|ID: Global self-esteem SISE|ID: TIPI for Big-Five",13,"Global","all",TRUE
"4407",6894,3,"Prepared","ML2_Slate2_USEng_Inlab_DEPLOY_r.csv","vcu",NA,3,2,"vcu","vcu","vcu","USA","Department of Psychology, Virginia Commonwealth University, Richmond, VA 23284","English",1,NA,"Yes","In a lab","Computers","No, the whole study was on the computer (except maybe consent/debriefing)","Tversky.Gati|Tversky|Gray|Knobe|Zaval|Shafir|Geissner|Hauser|Risen|Schwarz|Zhong|Ross.Slate2|Norenzayan|Hsee|Savani","ID: TIPI for Big-Five|ID: Cognitive reflection|ID: Subjective wellbeing|ID: Mood|ID: Global self-esteem SISE",9,"Global","all",TRUE
"4408",6895,1,"Prepared","ML2_Slate2_USEng_Inlab_DEPLOY_r.csv","vcu",NA,1,1,"vcu","vcu","vcu","USA","Department of Psychology, Virginia Commonwealth University, Richmond, VA 23284","English",1,NA,"Yes","In a lab","Computers","No, the whole study was on the computer (except maybe consent/debriefing)","Ross.Slate2|Zhong|Zaval|Hauser|Risen|Gray|Shafir|Savani|Hsee|Knobe|Tversky|Schwarz|Geissner|Norenzayan|Tversky.Gati","ID: Global self-esteem SISE|ID: TIPI for Big-Five|ID: Cognitive reflection|ID: Subjective wellbeing|ID: Mood",5,"Global","all",TRUE
"4409",6898,1,"Prepared","ML2_Slate2_USEng_Inlab_DEPLOY_r.csv","vcu",NA,1,1,"vcu","vcu","vcu","USA","Department of Psychology, Virginia Commonwealth University, Richmond, VA 23284","English",1,NA,"Yes","In a lab","Computers","No, the whole study was on the computer (except maybe consent/debriefing)","Tversky.Gati|Savani|Hsee|Risen|Norenzayan|Ross.Slate2|Hauser|Shafir|Geissner|Zaval|Schwarz|Tversky|Gray|Zhong|Knobe","ID: Cognitive reflection|ID: TIPI for Big-Five|ID: Subjective wellbeing|ID: Mood|ID: Global self-esteem SISE",4,"Global","all",TRUE
"4432",6951,6,"Prepared","ML2_Slate2_USEng_Inlab_DEPLOY_r.csv","vcu",NA,6,2,"vcu","vcu","vcu","USA","Department of Psychology, Virginia Commonwealth University, Richmond, VA 23284","English",1,NA,"Yes","In a lab","Computers","No, the whole study was on the computer (except maybe consent/debriefing)","Hauser|Ross.Slate2|Shafir|Schwarz|Zaval|Savani|Hsee|Geissner|Tversky.Gati|Tversky|Zhong|Gray|Knobe|Norenzayan|Risen","ID: TIPI for Big-Five|ID: Subjective wellbeing|ID: Cognitive reflection|ID: Mood|ID: Global self-esteem SISE",15,"Global","all",TRUE
"4433",6952,5,"Prepared","ML2_Slate2_USEng_Inlab_DEPLOY_r.csv","vcu",NA,5,1,"vcu","vcu","vcu","USA","Department of Psychology, Virginia Commonwealth University, Richmond, VA 23284","English",1,NA,"Yes","In a lab","Computers","No, the whole study was on the computer (except maybe consent/debriefing)","Norenzayan|Zaval|Savani|Geissner|Ross.Slate2|Risen|Tversky.Gati|Shafir|Zhong|Gray|Schwarz|Hsee|Hauser|Tversky|Knobe","ID: Mood|ID: TIPI for Big-Five|ID: Global self-esteem SISE|ID: Subjective wellbeing|ID: Cognitive reflection",6,"Global","all",TRUE
"4434",6953,3,"Prepared","ML2_Slate2_USEng_Inlab_DEPLOY_r.csv","vcu",NA,3,2,"vcu","vcu","vcu","USA","Department of Psychology, Virginia Commonwealth University, Richmond, VA 23284","English",1,NA,"Yes","In a lab","Computers","No, the whole study was on the computer (except maybe consent/debriefing)","Risen|Ross.Slate2|Geissner|Gray|Zhong|Savani|Knobe|Hauser|Schwarz|Zaval|Tversky|Shafir|Norenzayan|Tversky.Gati|Hsee","ID: Cognitive reflection|ID: Mood|ID: TIPI for Big-Five|ID: Subjective wellbeing|ID: Global self-esteem SISE",1,"Global","all",TRUE
"4436",6955,5,"Prepared","ML2_Slate2_USEng_Inlab_DEPLOY_r.csv","vcu",NA,5,1,"vcu","vcu","vcu","USA","Department of Psychology, Virginia Commonwealth University, Richmond, VA 23284","English",1,NA,"Yes","In a lab","Computers","No, the whole study was on the computer (except maybe consent/debriefing)","Hsee|Risen|Savani|Zhong|Tversky|Zaval|Schwarz|Ross.Slate2|Gray|Norenzayan|Hauser|Knobe|Geissner|Shafir|Tversky.Gati","ID: Global self-esteem SISE|ID: TIPI for Big-Five|ID: Cognitive reflection|ID: Mood|ID: Subjective wellbeing",2,"Global","all",TRUE
"4437",6956,5,"Prepared","ML2_Slate2_USEng_Inlab_DEPLOY_r.csv","vcu",NA,5,2,"vcu","vcu","vcu","USA","Department of Psychology, Virginia Commonwealth University, Richmond, VA 23284","English",1,NA,"Yes","In a lab","Computers","No, the whole study was on the computer (except maybe consent/debriefing)","Tversky|Shafir|Gray|Zhong|Knobe|Ross.Slate2|Zaval|Hsee|Geissner|Tversky.Gati|Norenzayan|Schwarz|Hauser|Savani|Risen","ID: TIPI for Big-Five|ID: Mood|ID: Global self-esteem SISE|ID: Cognitive reflection|ID: Subjective wellbeing",15,"Global","all",TRUE
"4439",6958,2,"Prepared","ML2_Slate2_USEng_Inlab_DEPLOY_r.csv","vcu",NA,2,2,"vcu","vcu","vcu","USA","Department of Psychology, Virginia Commonwealth University, Richmond, VA 23284","English",1,NA,"Yes","In a lab","Computers","No, the whole study was on the computer (except maybe consent/debriefing)","Schwarz|Gray|Hauser|Risen|Geissner|Tversky|Hsee|Ross.Slate2|Knobe|Norenzayan|Zhong|Shafir|Savani|Tversky.Gati|Zaval","ID: Cognitive reflection|ID: Global self-esteem SISE|ID: Mood|ID: TIPI for Big-Five|ID: Subjective wellbeing",4,"Global","all",TRUE
"4440",6960,3,"Prepared","ML2_Slate2_USEng_Inlab_DEPLOY_r.csv","vcu",NA,3,2,"vcu","vcu","vcu","USA","Department of Psychology, Virginia Commonwealth University, Richmond, VA 23284","English",1,NA,"Yes","In a lab","Computers","No, the whole study was on the computer (except maybe consent/debriefing)","Gray|Hsee|Knobe|Zaval|Schwarz|Risen|Tversky|Zhong|Norenzayan|Hauser|Shafir|Geissner|Tversky.Gati|Savani|Ross.Slate2","ID: Subjective wellbeing|ID: Cognitive reflection|ID: Global self-esteem SISE|ID: Mood|ID: TIPI for Big-Five",6,"Global","all",TRUE
"4441",6965,1,"Prepared","ML2_Slate2_USEng_Inlab_DEPLOY_r.csv","vcu",NA,1,1,"vcu","vcu","vcu","USA","Department of Psychology, Virginia Commonwealth University, Richmond, VA 23284","English",1,NA,"Yes","In a lab","Computers","No, the whole study was on the computer (except maybe consent/debriefing)","Schwarz|Norenzayan|Gray|Shafir|Savani|Hsee|Tversky.Gati|Ross.Slate2|Knobe|Geissner|Zhong|Risen|Tversky|Zaval|Hauser","ID: TIPI for Big-Five|ID: Cognitive reflection|ID: Mood|ID: Subjective wellbeing|ID: Global self-esteem SISE",12,"Global","all",TRUE
